{"cameraMode":{"drawMode":0,"name":"Shaded","section":"Shading Mode"},"sceneLighting":true,"audioPlay":false,"sceneViewState":{"showFog":true,"showMaterialUpdate":false,"showSkybox":true,"showFlares":true,"showImageEffects":true,"showParticleSystems":true},"in2DMode":false,"pivot":{"x":-11.097799301147461,"y":10.435871124267579,"z":-6.917751312255859},"rotation":{"x":0.33763018250465395,"y":1.2472776234062622e-7,"z":-5.3853899117939366e-8,"w":0.9412785172462463},"size":10.890335083007813,"orthographic":true}