{"cameraMode":{"drawMode":0,"name":"Shaded","section":"Shading Mode"},"sceneLighting":true,"audioPlay":false,"sceneViewState":{"showFog":true,"showMaterialUpdate":false,"showSkybox":true,"showFlares":true,"showImageEffects":true,"showParticleSystems":true},"in2DMode":false,"pivot":{"x":3.454601287841797,"y":7.006999969482422,"z":-10.70334243774414},"rotation":{"x":0.33763018250465395,"y":1.2472776234062622e-7,"z":-5.3853899117939366e-8,"w":0.9412785172462463},"size":16.73421859741211,"orthographic":true}