{"cameraMode":{"drawMode":0,"name":"Shaded","section":"Shading Mode"},"sceneLighting":true,"audioPlay":false,"sceneViewState":{"showFog":true,"showMaterialUpdate":false,"showSkybox":true,"showFlares":true,"showImageEffects":true,"showParticleSystems":true},"in2DMode":false,"pivot":{"x":0.2513149380683899,"y":10.265300750732422,"z":-7.443576812744141},"rotation":{"x":0.33763018250465395,"y":1.2472776234062622e-7,"z":-5.3853899117939366e-8,"w":0.9412785172462463},"size":13.487417221069336,"orthographic":true}