{"cameraMode":{"drawMode":0,"name":"Shaded","section":"Shading Mode"},"sceneLighting":true,"audioPlay":false,"sceneViewState":{"showFog":true,"showMaterialUpdate":false,"showSkybox":true,"showFlares":true,"showImageEffects":true,"showParticleSystems":true},"in2DMode":false,"pivot":{"x":-2.455064296722412,"y":-11.317686080932618,"z":-2.546975612640381},"rotation":{"x":0.43577295541763308,"y":4.8115701645201628e-8,"z":9.684987389846356e-8,"w":0.9000533223152161},"size":41.765018463134769,"orthographic":true}